market_id,event_id,event_title,title,source_category,category,tag_labels,token_id,outcome_label,volume,liquidity,bid,ask,spread,active,closed,start_date,expiry_date,created_at,url_slug,fetched_at
2169995,16167,MicroStrategy sells any Bitcoin by ___ ?,"MicroStrategy sells any Bitcoin by May 31, 2026?",,Crypto,"Economy, Business, 2025 Predictions, Crypto, MicroStrategy, Stocks",25714007960293389110960044475283546872601238755063051359394740854408462452120,Yes,7474941.797317907,162226.27886,0.225,0.226,0.001,True,False,2026-05-05T23:48:20.102334Z,2026-07-01T04:00:00Z,2026-05-05T23:45:21.015988Z,microstrategy-sells-any-bitcoin-by-may-31-2026,2026-05-30T07:54:11.206357+00:00
692258,16167,MicroStrategy sells any Bitcoin by ___ ?,"MicroStrategy sells any Bitcoin by June 30, 2026?",,Crypto,"Economy, Business, 2025 Predictions, Crypto, MicroStrategy, Stocks",110251828161543119357013227499774714771527179764174739487025581227481937033858,Yes,4781678.317310987,62996.10682,0.694,0.695,0.001,True,False,2025-11-19T22:51:30.483Z,2026-07-01T04:00:00Z,2025-11-19T22:50:03.261894Z,microstrategy-sells-any-bitcoin-by-june-30-2026,2026-05-30T07:54:11.206357+00:00
692250,16167,MicroStrategy sells any Bitcoin by ___ ?,"MicroStrategy sells any Bitcoin by March 31, 2026?",,Crypto,"Economy, Business, 2025 Predictions, Crypto, MicroStrategy, Stocks",108547978327958467449318042977006580876058560639743186491243488736783119648127,Yes,2710379.6263180017,282751.28255,,0.001,0.001,True,True,2025-11-19T23:54:36.827403Z,2027-01-01T05:00:00Z,2025-11-19T22:49:38.387602Z,microstrategy-sells-any-bitcoin-by-march-31-2026,2026-05-30T07:54:11.206357+00:00
824952,16167,MicroStrategy sells any Bitcoin by ___ ?,"MicroStrategy sells any Bitcoin by December 31, 2026?",,Crypto,"Economy, Business, 2025 Predictions, Crypto, MicroStrategy, Stocks",111128191581505463501777127559667396812474366956707382672202929745167742497287,Yes,1884099.3433420083,56996.8315,0.88,0.9,0.02,True,False,2025-12-04T21:46:05.703Z,2027-01-01T05:00:00Z,2025-12-04T21:44:44.687695Z,microstrategy-sells-any-bitcoin-by-december-31-2026,2026-05-30T07:54:11.206357+00:00
556108,29005,MegaETH airdrop by...?,Will MegaETH perform an airdrop by June 30? ,,Crypto,"Airdrops, MegaETH, Crypto, Pre-Market",96797656031191119176188453471637044475353637081608890153571023284371119486681,Yes,1549429.9261529965,4482.03461,0.141,0.186,0.045,True,False,2025-06-26T19:51:03.475Z,2026-07-01T04:00:00Z,2025-06-26T19:38:06.447107Z,will-megaeth-perform-an-airdrop-by-june-30-143-229-513-574-212-254,2026-05-30T07:54:11.206357+00:00
691547,16183,Kraken IPO by ___ ?,"Kraken IPO by December 31, 2026?",,Crypto,"exchange, Tech, Crypto, Finance, Business, 2025 Predictions, Featured, IPOs",34626184950254225208692030156208941308358060420950772251072421141618169142241,Yes,529369.5594840021,5544.9389,0.3,0.34,0.04,True,False,2025-11-19T15:49:34.522Z,2027-01-01T05:00:00Z,2025-11-19T15:48:14.624315Z,kraken-ipo-by-december-31-2026-513,2026-05-30T07:54:11.206357+00:00
1068327,25930,Pump.fun airdrop by ....? ,"Will Pump.fun perform an airdrop by December 31, 2026",,Crypto,"Crypto, Crypto Prices, Airdrops, Pre-Market",23979773390611496299652546131606735686099256186322678196712320732715801255871,Yes,156243.1486209997,1431.4804,0.22,0.28,0.06,True,False,2025-12-30T20:43:41.136Z,2027-01-01T05:00:00Z,2025-12-30T20:42:32.722107Z,will-pumpfun-perform-an-airdrop-by-december-31-2026,2026-05-30T07:54:11.206357+00:00
622738,27831,Hyperliquid airdrop by ....? ,"Will Hyperliquid perform an airdrop by December 31, 2026? ",,Crypto,"Crypto, Airdrops, Featured, Pre-Market",101513571766435454355723114188696307527864518980689079866102837918467349506537,Yes,123518.58999000017,3811.0966,0.19,0.21,0.02,True,False,2025-10-05T20:05:59.793815Z,2028-01-01T05:00:00Z,2025-10-05T20:04:25.962415Z,will-hyperliquid-perform-an-airdrop-by-december-31-2026,2026-05-30T07:54:11.206357+00:00
2119266,29005,MegaETH airdrop by...?,"Will MegaETH perform an airdrop by December 31, 2026?",,Crypto,"Airdrops, MegaETH, Crypto, Pre-Market",4073964439546781679844222219197458984323215148120046536055850319869173017640,Yes,5400.663769999998,1016.3042,0.28,0.53,0.25,True,False,2026-04-29T21:35:24.69066Z,2027-01-01T05:00:00Z,2026-04-29T21:32:45.048017Z,will-megaeth-perform-an-airdrop-by-december-31-2026,2026-05-30T07:54:11.206357+00:00
556106,29005,MegaETH airdrop by...?,Will MegaETH perform an airdrop by September 30? ,,Crypto,"Airdrops, MegaETH, Crypto, Pre-Market",61418797388424950216618607317951335315222636709300971806087390558822293814677,Yes,4901.241316,5468.80712,,0.01,0.01,True,True,2025-06-26T19:51:03.982079Z,2027-01-01T05:00:00Z,2025-06-26T19:38:05.512123Z,will-megaeth-perform-an-airdrop-by-september-30,2026-05-30T07:54:11.206357+00:00
2100106,27831,Hyperliquid airdrop by ....? ,"Will Hyperliquid perform an airdrop by December 31, 2027?",,Crypto,"Crypto, Airdrops, Featured, Pre-Market",35599907049186982879557420969598528789434547136942253652554709047485665633870,Yes,1563.3346289999995,533.1941,0.39,0.45,0.06,True,False,2026-04-27T21:28:09.225Z,2028-01-01T05:00:00Z,2026-04-27T21:25:09.476682Z,will-hyperliquid-perform-an-airdrop-by-december-31-2027-117,2026-05-30T07:54:11.206357+00:00
2244109,27831,Hyperliquid airdrop by ....? ,"Will Hyperliquid perform an airdrop by June 30, 2027?",,Crypto,"Crypto, Airdrops, Featured, Pre-Market",18110789428391406482230306080653613096309178214543987995456679527322864131310,Yes,105.417595,161.624,0.22,0.61,0.39,True,False,2026-05-12T19:45:54.129729Z,2027-07-01T04:00:00Z,2026-05-12T19:37:45.161001Z,will-hyperliquid-perform-an-airdrop-by-june-30-2027,2026-05-30T07:54:11.206357+00:00
540881,23792,GTA VI released before June 2026?,GTA VI released before June 2026?,,Other,"Culture, GTA VI, Breaking News",8441400852834915183759801017793514978104486628517653995211751018945988243154,Yes,15224066.496772008,47664.11325,,0.002,0.002,True,False,2025-05-02T17:00:26.233Z,2026-05-31T12:00:00Z,2025-05-02T16:53:35.469183Z,gta-vi-released-before-june-2026,2026-05-30T07:54:11.206357+00:00
559687,30829,Democratic Presidential Nominee 2028,Will Oprah Winfrey win the 2028 Democratic presidential nomination?,,Politics,"World Elections, Global Elections, Elections, Politics, US Election, Earn 4%, Primaries, United States",2213957649161627793381994368131485505647723208738124952452819345058597751695,Yes,52008532.243830964,1879399.3996,0.007,0.008,0.001,True,False,2025-07-11T18:36:32.333Z,2028-11-07T00:00:00Z,2025-07-03T20:37:23.883364Z,will-oprah-winfrey-win-the-2028-democratic-presidential-nomination,2026-05-30T07:54:11.206357+00:00
561251,31552,Presidential Election Winner 2028,Will LeBron James win the 2028 US Presidential Election?,,Politics,"World Elections, Global Elections, US Election, Elections, Politics, Earn 4%, President, United States, Main Election",39223330966352513418907732239455948906399882924787587183466504819170775983376,Yes,51192090.32207158,2237569.78833,0.006,0.007,0.001,True,False,2025-07-11T19:06:10.755Z,2028-11-07T00:00:00Z,2025-07-08T19:06:10.305398Z,will-lebron-james-win-the-2028-us-presidential-election,2026-05-30T07:54:11.206357+00:00
559679,30829,Democratic Presidential Nominee 2028,Will Bernie Sanders win the 2028 Democratic presidential nomination?,,Politics,"World Elections, Global Elections, Elections, Politics, US Election, Earn 4%, Primaries, United States",113510300123120868861281132282742729065975487298059944817273881893086209196585,Yes,50008979.46054544,1449034.63286,0.007,0.008,0.001,True,False,2025-07-11T18:36:22.931Z,2028-11-07T00:00:00Z,2025-07-03T20:37:18.987743Z,will-bernie-sanders-win-the-2028-democratic-presidential-nomination-879,2026-05-30T07:54:11.206357+00:00
559684,30829,Democratic Presidential Nominee 2028,Will Chelsea Clinton win the 2028 Democratic presidential nomination?,,Politics,"World Elections, Global Elections, Elections, Politics, US Election, Earn 4%, Primaries, United States",46211769122513729244602558513001215391004042100934296321661285791281233261657,Yes,49083047.75766354,416178.19336,0.009,0.01,0.001,True,False,2025-07-11T18:36:30.713Z,2028-11-07T00:00:00Z,2025-07-03T20:37:22.130557Z,will-chelsea-clinton-win-the-2028-democratic-presidential-nomination,2026-05-30T07:54:11.206357+00:00
559688,30829,Democratic Presidential Nominee 2028,Will Andrew Yang win the 2028 Democratic presidential nomination?,,Politics,"World Elections, Global Elections, Elections, Politics, US Election, Earn 4%, Primaries, United States",102504892414163237174864879683522880588750452841477290216845150938663289742135,Yes,46207639.91169718,1759512.76987,0.006,0.007,0.001,True,False,2025-07-11T18:36:34.398Z,2028-11-07T00:00:00Z,2025-07-03T20:37:24.380612Z,will-andrew-yang-win-the-2028-democratic-presidential-nomination,2026-05-30T07:54:11.206357+00:00
561986,31875,Republican Presidential Nominee 2028,Will Byron Donalds win the 2028 Republican presidential nomination?,,Politics,"Politics, US Election, Elections, World Elections, Global Elections, Earn 4%, Primaries, United States",311624663652221737215322113380496984764966764039692273354641152455298576851,Yes,42790757.66499348,1532733.7747,0.008,0.009,0.001,True,False,2025-07-11T19:42:16.031Z,2028-11-07T00:00:00Z,2025-07-10T16:58:10.023814Z,will-byron-donalds-win-the-2028-republican-presidential-nomination,2026-05-30T07:54:11.206357+00:00
559677,30829,Democratic Presidential Nominee 2028,Will Hillary Clinton win the 2028 Democratic presidential nomination?,,Politics,"World Elections, Global Elections, Elections, Politics, US Election, Earn 4%, Primaries, United States",6349038249650226718426900942104344803413105653564595362433352811865798195800,Yes,42256017.60699486,2186972.85687,0.007,0.008,0.001,True,False,2025-07-11T18:36:22.165Z,2028-11-07T00:00:00Z,2025-07-03T20:37:17.804012Z,will-hillary-clinton-win-the-2028-democratic-presidential-nomination,2026-05-30T07:54:11.206357+00:00
561247,31552,Presidential Election Winner 2028,Will Tim Walz win the 2028 US Presidential Election?,,Politics,"World Elections, Global Elections, US Election, Elections, Politics, Earn 4%, President, United States, Main Election",2638997461401140008448476093092229850740161649668999975101243681118238509713,Yes,41832892.00370825,1778995.08548,0.006,0.007,0.001,True,False,2025-07-11T19:06:06.339Z,2028-11-07T00:00:00Z,2025-07-08T19:06:08.2515Z,will-tim-walz-win-the-2028-us-presidential-election,2026-05-30T07:54:11.206357+00:00
559681,30829,Democratic Presidential Nominee 2028,Will LeBron James win the 2028 Democratic presidential nomination?,,Politics,"World Elections, Global Elections, Elections, Politics, US Election, Earn 4%, Primaries, United States",100561779829530520068956424581003844045516012444425572625523659025114550346085,Yes,41808413.635164775,2492885.29254,0.007,0.008,0.001,True,False,2025-07-11T18:36:26.228Z,2028-11-07T00:00:00Z,2025-07-03T20:37:20.29482Z,will-lebron-james-win-the-2028-democratic-presidential-nomination,2026-05-30T07:54:11.206357+00:00
559666,30829,Democratic Presidential Nominee 2028,Will Tim Walz win the 2028 Democratic presidential nomination?,,Politics,"World Elections, Global Elections, Elections, Politics, US Election, Earn 4%, Primaries, United States",104464678880204778606895232389511543522030897731392516718349574106843434770446,Yes,40935189.23364845,2148147.83259,0.006,0.007,0.001,True,False,2025-07-11T18:36:13.472Z,2028-11-07T00:00:00Z,2025-07-03T20:37:09.711295Z,will-tim-walz-win-the-2028-democratic-presidential-nomination-475,2026-05-30T07:54:11.206357+00:00
561995,31875,Republican Presidential Nominee 2028,Will Mike Pence win the 2028 Republican presidential nomination?,,Politics,"Politics, US Election, Elections, World Elections, Global Elections, Earn 4%, Primaries, United States",110467341601356058460373968989438018821471776813704553223329002744055822742107,Yes,40894123.45359736,1945285.26376,0.006,0.007,0.001,True,False,2025-07-11T19:42:26.21Z,2028-11-07T00:00:00Z,2025-07-10T16:58:15.525628Z,will-mike-pence-win-the-2028-republican-presidential-nomination,2026-05-30T07:54:11.206357+00:00
559683,30829,Democratic Presidential Nominee 2028,Will George Clooney win the 2028 Democratic presidential nomination?,,Politics,"World Elections, Global Elections, Elections, Politics, US Election, Earn 4%, Primaries, United States",48218088132821386640274752564592889805082274744128282833036735027928992155024,Yes,40729653.078322485,2364514.54803,0.006,0.007,0.001,True,False,2025-07-11T18:36:28.6Z,2028-11-07T00:00:00Z,2025-07-03T20:37:21.627643Z,will-george-clooney-win-the-2028-democratic-presidential-nomination,2026-05-30T07:54:11.206357+00:00
559689,30829,Democratic Presidential Nominee 2028,Will Beto O’Rourke win the 2028 Democratic presidential nomination?,,Politics,"World Elections, Global Elections, Elections, Politics, US Election, Earn 4%, Primaries, United States",37126434962149084556522721025504254258386171468763869879755961635390358765833,Yes,40337516.21886436,1934470.21737,0.006,0.007,0.001,True,False,2025-07-11T18:36:34.658Z,2028-11-07T00:00:00Z,2025-07-03T20:37:24.901108Z,will-beto-orourke-win-the-2028-democratic-presidential-nomination,2026-05-30T07:54:11.206357+00:00
559680,30829,Democratic Presidential Nominee 2028,Will Phil Murphy win the 2028 Democratic presidential nomination?,,Politics,"World Elections, Global Elections, Elections, Politics, US Election, Earn 4%, Primaries, United States",81633484456710374417231462107666791993850637546563366185897100962157481970040,Yes,39979784.63568688,2335088.47244,0.006,0.007,0.001,True,False,2025-07-11T18:36:27.287Z,2028-11-07T00:00:00Z,2025-07-03T20:37:19.607432Z,will-phil-murphy-win-the-2028-democratic-presidential-nomination-611,2026-05-30T07:54:11.206357+00:00
559690,30829,Democratic Presidential Nominee 2028,Will Kim Kardashian win the 2028 Democratic presidential nomination?,,Politics,"World Elections, Global Elections, Elections, Politics, US Election, Earn 4%, Primaries, United States",55087250670040717711131370018408221134109122974378698780636020561523521220754,Yes,39960835.48645629,3140510.9655,0.006,0.007,0.001,True,False,2025-07-11T18:36:36.739Z,2028-11-07T00:00:00Z,2025-07-03T20:37:25.42053Z,will-kim-kardashian-win-the-2028-democratic-presidential-nomination,2026-05-30T07:54:11.206357+00:00
559685,30829,Democratic Presidential Nominee 2028,Will MrBeast win the 2028 Democratic presidential nomination?,,Politics,"World Elections, Global Elections, Elections, Politics, US Election, Earn 4%, Primaries, United States",51035537065442638321333063915918274102446051033989435618245745345113522914516,Yes,38132290.15116289,2518186.41684,0.007,0.008,0.001,True,False,2025-07-11T18:36:30.454Z,2028-11-07T00:00:00Z,2025-07-03T20:37:22.639481Z,will-mrbeast-win-the-2028-democratic-presidential-nomination,2026-05-30T07:54:11.206357+00:00
559678,30829,Democratic Presidential Nominee 2028,Will Liz Cheney win the 2028 Democratic presidential nomination?,,Politics,"World Elections, Global Elections, Elections, Politics, US Election, Earn 4%, Primaries, United States",41340056280794024415573839406074658402877379128871144681466050648033201160259,Yes,36873995.91757481,1172504.26937,0.007,0.008,0.001,True,False,2025-07-11T18:36:22.676Z,2028-11-07T00:00:00Z,2025-07-03T20:37:18.381851Z,will-liz-cheney-win-the-2028-democratic-presidential-nomination-551,2026-05-30T07:54:11.206357+00:00
559671,30829,Democratic Presidential Nominee 2028,Will Zohran Mamdani win the 2028 Democratic presidential nomination?,,Politics,"World Elections, Global Elections, Elections, Politics, US Election, Earn 4%, Primaries, United States",19323997520040734631220675039559156784534982703459512097490198935565229528445,Yes,36751004.41986425,2440942.26641,0.007,0.008,0.001,True,False,2025-07-11T18:36:16.021Z,2028-11-07T00:00:00Z,2025-07-03T20:37:13.666113Z,will-zohran-mamdani-win-the-2028-democratic-presidential-nomination-445,2026-05-30T07:54:11.206357+00:00
559682,30829,Democratic Presidential Nominee 2028,Will Hunter Biden win the 2028 Democratic presidential nomination?,,Politics,"World Elections, Global Elections, Elections, Politics, US Election, Earn 4%, Primaries, United States",11343337042526652606304508556838778144915122118685013460142819817079620240439,Yes,36172759.9247735,2370034.20517,0.006,0.007,0.001,True,False,2025-07-11T18:36:28.342Z,2028-11-07T00:00:00Z,2025-07-03T20:37:20.881711Z,will-person-a-win-the-2028-democratic-presidential-nomination,2026-05-30T07:54:11.206357+00:00
561254,31552,Presidential Election Winner 2028,Will Kim Kardashian win the 2028 US Presidential Election?,,Politics,"World Elections, Global Elections, US Election, Elections, Politics, Earn 4%, President, United States, Main Election",24863363384036117015867671383779186335047493791693657275104567365292353535818,Yes,36142453.81666476,1666776.99006,0.006,0.007,0.001,True,False,2025-07-11T19:06:15.048Z,2028-11-07T00:00:00Z,2025-07-08T19:06:12.12096Z,will-kim-kardashian-win-the-2028-us-presidential-election,2026-05-30T07:54:11.206357+00:00
561248,31552,Presidential Election Winner 2028,Will Vivek Ramaswamy win the 2028 US Presidential Election?,,Politics,"World Elections, Global Elections, US Election, Elections, Politics, Earn 4%, President, United States, Main Election",48067717079255656974334181122173546721823870434119599450595298250019538972254,Yes,34140915.50058831,945103.29175,0.007,0.008,0.001,True,False,2025-07-11T19:06:08.616Z,2028-11-07T00:00:00Z,2025-07-08T19:06:08.731937Z,will-vivek-ramaswamy-win-the-2028-us-presidential-election,2026-05-30T07:54:11.206357+00:00
559692,30829,Democratic Presidential Nominee 2028,Will Jasmine Crockett win the 2028 Democratic presidential nomination?,,Politics,"World Elections, Global Elections, Elections, Politics, US Election, Earn 4%, Primaries, United States",22103094389913052942362639589409218272323168761614999702665821259175535456835,Yes,34026722.2627939,2354677.27702,0.006,0.007,0.001,True,False,2025-07-11T18:36:38.787Z,2028-11-07T00:00:00Z,2025-07-03T20:37:26.76247Z,will-jasmine-crockett-win-the-2028-democratic-presidential-nomination,2026-05-30T07:54:11.206357+00:00
561993,31875,Republican Presidential Nominee 2028,Will John Thune win the 2028 Republican presidential nomination?,,Politics,"Politics, US Election, Elections, World Elections, Global Elections, Earn 4%, Primaries, United States",70663522560386702809794077554934323058266367604787739541440326847712418734032,Yes,33808102.234529234,1971754.39896,0.007,0.008,0.001,True,False,2025-07-11T19:42:25.485Z,2028-11-07T00:00:00Z,2025-07-10T16:58:14.296042Z,will-john-thune-win-the-2028-republican-presidential-nomination,2026-05-30T07:54:11.206357+00:00
561994,31875,Republican Presidential Nominee 2028,Will Kristi Noem win the 2028 Republican presidential nomination?,,Politics,"Politics, US Election, Elections, World Elections, Global Elections, Earn 4%, Primaries, United States",46777072088650922464797852907503479539785178123001199763117403684202580813104,Yes,33782346.43661249,1664290.07149,0.006,0.007,0.001,True,False,2025-07-11T19:42:25.23Z,2028-11-07T00:00:00Z,2025-07-10T16:58:14.999535Z,will-kristi-noem-win-the-2028-republican-presidential-nomination,2026-05-30T07:54:11.206357+00:00
561249,31552,Presidential Election Winner 2028,Will Greg Abbott win the 2028 US Presidential Election?,,Politics,"World Elections, Global Elections, US Election, Elections, Politics, Earn 4%, President, United States, Main Election",58585097107933138034126275600204468509993701936571284309823871593297754181479,Yes,33552786.224229507,1919028.00194,0.008,0.009,0.001,True,False,2025-07-11T19:06:08.361Z,2028-11-07T00:00:00Z,2025-07-08T19:06:09.27649Z,will-greg-abbott-win-the-2028-us-presidential-election,2026-05-30T07:54:11.206357+00:00
559670,30829,Democratic Presidential Nominee 2028,Will Gina Raimondo win the 2028 Democratic presidential nomination?,,Politics,"World Elections, Global Elections, Elections, Politics, US Election, Earn 4%, Primaries, United States",35165603539035270209469650915267170915291414186795231160733227083640059691764,Yes,33548589.649111893,1636921.39042,0.007,0.008,0.001,True,False,2025-07-11T18:36:14.926Z,2028-11-07T00:00:00Z,2025-07-03T20:37:12.831781Z,will-gina-raimondo-win-the-2028-democratic-presidential-nomination-676,2026-05-30T07:54:11.206357+00:00
561999,31875,Republican Presidential Nominee 2028,Will Tom Brady win the 2028 Republican presidential nomination?,,Politics,"Politics, US Election, Elections, World Elections, Global Elections, Earn 4%, Primaries, United States",45742939946094874824687417208711661205131461760422331277735745393193805349457,Yes,32482084.11155063,1960321.71649,0.008,0.009,0.001,True,False,2025-07-11T19:42:30.333Z,2028-11-07T00:00:00Z,2025-07-10T16:58:18.584607Z,will-tom-brady-win-the-2028-republican-presidential-nomination,2026-05-30T07:54:11.206357+00:00
561240,31552,Presidential Election Winner 2028,Will Stephen Smith win the 2028 US Presidential Election?,,Politics,"World Elections, Global Elections, US Election, Elections, Politics, Earn 4%, President, United States, Main Election",105367778020161609482094090847463497982204321259381518614669619753184648647559,Yes,31493397.83162091,1080111.5235,0.009,0.01,0.001,True,False,2025-07-11T19:06:00.41Z,2028-11-07T00:00:00Z,2025-07-08T19:06:04.344587Z,will-stephen-smith-win-the-2028-us-presidential-election,2026-05-30T07:54:11.206357+00:00
559676,30829,Democratic Presidential Nominee 2028,Will Barack Obama win the 2028 Democratic presidential nomination?,,Politics,"World Elections, Global Elections, Elections, Politics, US Election, Earn 4%, Primaries, United States",88927218779847397120407909832537568114340511586397698395193736044476021744522,Yes,31482905.77426669,1154243.89806,0.006,0.007,0.001,True,False,2025-07-11T18:36:22.421Z,2028-11-07T00:00:00Z,2025-07-03T20:37:17.144753Z,will-barack-obama-win-the-2028-democratic-presidential-nomination-265,2026-05-30T07:54:11.206357+00:00
561982,31875,Republican Presidential Nominee 2028,Will Sarah Huckabee Sanders win the 2028 Republican presidential nomination?,,Politics,"Politics, US Election, Elections, World Elections, Global Elections, Earn 4%, Primaries, United States",35019878675696902444730611385908114488958639217305639231975258218416576501435,Yes,31158986.940347888,1904135.25052,0.007,0.008,0.001,True,False,2025-07-11T19:42:12.112Z,2028-11-07T00:00:00Z,2025-07-10T16:58:07.96846Z,will-sarah-huckabee-sanders-win-the-2028-republican-presidential-nomination,2026-05-30T07:54:11.206357+00:00
561242,31552,Presidential Election Winner 2028,Will Tulsi Gabbard win the 2028 US Presidential Election?,,Politics,"World Elections, Global Elections, US Election, Elections, Politics, Earn 4%, President, United States, Main Election",97633418272282627828834872960145259034624388719803091466146359304286851612172,Yes,30676895.783643946,1304330.51298,0.007,0.008,0.001,True,False,2025-07-11T19:06:02.279Z,2028-11-07T00:00:00Z,2025-07-08T19:06:05.739113Z,will-tulsi-gabbard-win-the-2028-us-presidential-election,2026-05-30T07:54:11.206357+00:00
559672,30829,Democratic Presidential Nominee 2028,Will Roy Cooper win the 2028 Democratic presidential nomination?,,Politics,"World Elections, Global Elections, Elections, Politics, US Election, Earn 4%, Primaries, United States",30732552320006664177902085971957467957450485111214036633872573588757974348601,Yes,30530012.30362947,1479622.06214,0.009,0.01,0.001,True,False,2025-07-11T18:36:16.276Z,2028-11-07T00:00:00Z,2025-07-03T20:37:14.394216Z,will-roy-cooper-win-the-2028-democratic-presidential-nomination-286,2026-05-30T07:54:11.206357+00:00
559664,30829,Democratic Presidential Nominee 2028,Will Raphael Warnock win the 2028 Democratic presidential nomination?,,Politics,"World Elections, Global Elections, Elections, Politics, US Election, Earn 4%, Primaries, United States",52310257194926233099477326083312959938983447523839326865869372741334281264830,Yes,29831773.435224276,1458036.38803,0.007,0.008,0.001,True,False,2025-07-11T18:36:11.106Z,2028-11-07T00:00:00Z,2025-07-03T20:37:08.125174Z,will-raphael-warnock-win-the-2028-democratic-presidential-nomination-914,2026-05-30T07:54:11.206357+00:00
561990,31875,Republican Presidential Nominee 2028,Will Elon Musk win the 2028 Republican presidential nomination?,,Politics,"Politics, US Election, Elections, World Elections, Global Elections, Earn 4%, Primaries, United States",97933607699985149274021900377397416175605196663149372937380275158258659161873,Yes,28248459.713582866,1838185.75389,0.009,0.01,0.001,True,False,2025-07-11T19:42:19.219Z,2028-11-07T00:00:00Z,2025-07-10T16:58:12.251564Z,will-elon-musk-win-the-2028-republican-presidential-nomination,2026-05-30T07:54:11.206357+00:00
561992,31875,Republican Presidential Nominee 2028,Will Katie Britt win the 2028 Republican presidential nomination?,,Politics,"Politics, US Election, Elections, World Elections, Global Elections, Earn 4%, Primaries, United States",42282542821681724515855150589432262778581936160356547088323204270366545065655,Yes,28229898.938593496,1909047.89294,0.008,0.009,0.001,True,False,2025-07-11T19:42:22.314Z,2028-11-07T00:00:00Z,2025-07-10T16:58:13.392205Z,will-katie-britt-win-the-2028-republican-presidential-nomination,2026-05-30T07:54:11.206357+00:00
562003,31875,Republican Presidential Nominee 2028,Will Kim Kardashian win the 2028 Republican presidential nomination?,,Politics,"Politics, US Election, Elections, World Elections, Global Elections, Earn 4%, Primaries, United States",10651968542740640896482407431367624536081358925965856338872110525887291512129,Yes,27776878.84453874,2060922.47801,0.008,0.009,0.001,True,False,2025-07-11T19:42:32.355Z,2028-11-07T00:00:00Z,2025-07-10T16:58:21.646721Z,will-kim-kardashian-win-the-2028-republican-presidential-nomination,2026-05-30T07:54:11.206357+00:00
561987,31875,Republican Presidential Nominee 2028,Will Elise Stefanik win the 2028 Republican presidential nomination?,,Politics,"Politics, US Election, Elections, World Elections, Global Elections, Earn 4%, Primaries, United States",46762065358788748743762617584400316865170283087328708370205000691002445395596,Yes,26743591.7937949,1897443.32143,0.007,0.008,0.001,True,False,2025-07-11T19:42:18.386Z,2028-11-07T00:00:00Z,2025-07-10T16:58:10.530903Z,will-elise-stefanik-win-the-2028-republican-presidential-nomination,2026-05-30T07:54:11.206357+00:00
559674,30829,Democratic Presidential Nominee 2028,Will Jared Polis win the 2028 Democratic presidential nomination?,,Politics,"World Elections, Global Elections, Elections, Politics, US Election, Earn 4%, Primaries, United States",42119164854283656238382173699154739480090965550328051492328192273011556335098,Yes,25752817.07656112,476597.11964,0.007,0.008,0.001,True,False,2025-07-11T18:36:18.32Z,2028-11-07T00:00:00Z,2025-07-03T20:37:15.838093Z,will-jared-polis-win-the-2028-democratic-presidential-nomination-837,2026-05-30T07:54:11.206357+00:00
561245,31552,Presidential Election Winner 2028,Will Nikki Haley win the 2028 US Presidential Election?,,Politics,"World Elections, Global Elections, US Election, Elections, Politics, Earn 4%, President, United States, Main Election",14253956839582698877884742930225331487593177635330318923853046874994118249367,Yes,25611430.15527748,1070471.34393,0.007,0.008,0.001,True,False,2025-07-11T19:06:04.599Z,2028-11-07T00:00:00Z,2025-07-08T19:06:07.253833Z,will-nikki-haley-win-the-2028-us-presidential-election,2026-05-30T07:54:11.206357+00:00
559652,30829,Democratic Presidential Nominee 2028,Will Gavin Newsom win the 2028 Democratic presidential nomination?,,Politics,"World Elections, Global Elections, Elections, Politics, US Election, Earn 4%, Primaries, United States",54533043819946592547517511176940999955633860128497669742211153063842200957669,Yes,25556449.150974523,208737.11842,0.237,0.238,0.001,True,False,2025-07-11T18:35:56.805Z,2028-11-07T00:00:00Z,2025-07-03T20:36:58.88434Z,will-gavin-newsom-win-the-2028-democratic-presidential-nomination-568,2026-05-30T07:54:11.206357+00:00
559667,30829,Democratic Presidential Nominee 2028,Will Michelle Obama win the 2028 Democratic presidential nomination?,,Politics,"World Elections, Global Elections, Elections, Politics, US Election, Earn 4%, Primaries, United States",83723134981785004242996949681785273460678873813693556756054904164484296299719,Yes,25401237.42508828,2001739.25512,0.013,0.014,0.001,True,False,2025-07-11T18:36:12.961Z,2028-11-07T00:00:00Z,2025-07-03T20:37:10.65535Z,will-michelle-obama-win-the-2028-democratic-presidential-nomination-777,2026-05-30T07:54:11.206357+00:00
561250,31552,Presidential Election Winner 2028,Will Elon Musk win the 2028 US Presidential Election?,,Politics,"World Elections, Global Elections, US Election, Elections, Politics, Earn 4%, President, United States, Main Election",26641906520532802078452346454133721131611596169940893262820937050881742190686,Yes,24493342.239231296,1502198.45509,0.009,0.01,0.001,True,False,2025-07-11T19:06:10.494Z,2028-11-07T00:00:00Z,2025-07-08T19:06:09.780687Z,will-elon-musk-win-the-2028-us-presidential-election,2026-05-30T07:54:11.206357+00:00
559665,30829,Democratic Presidential Nominee 2028,Will Cory Booker win the 2028 Democratic presidential nomination?,,Politics,"World Elections, Global Elections, Elections, Politics, US Election, Earn 4%, Primaries, United States",50887272939612765629559172143901565817521391945540156085421963433918821328137,Yes,24449291.566326942,1626302.83512,0.009,0.01,0.001,True,False,2025-07-11T18:36:10.848Z,2028-11-07T00:00:00Z,2025-07-03T20:37:08.92027Z,will-corey-booker-win-the-2028-democratic-presidential-nomination-125,2026-05-30T07:54:11.206357+00:00
561238,31552,Presidential Election Winner 2028,Will Glenn Youngkin win the 2028 US Presidential Election?,,Politics,"World Elections, Global Elections, US Election, Elections, Politics, Earn 4%, President, United States, Main Election",631059815958854406224163480574507434200946764542129005247984171366597476420,Yes,24411387.16305849,1095865.12291,0.007,0.008,0.001,True,False,2025-07-11T19:05:58.404Z,2028-11-07T00:00:00Z,2025-07-08T19:06:03.082499Z,will-glenn-youngkin-win-the-2028-us-presidential-election,2026-05-30T07:54:11.206357+00:00
559675,30829,Democratic Presidential Nominee 2028,Will Jon Stewart win the 2028 Democratic presidential nomination?,,Politics,"World Elections, Global Elections, Elections, Politics, US Election, Earn 4%, Primaries, United States",58343456405874365460518182619380252930558598368174305791768670198253267891911,Yes,23245077.130666066,1084786.984,0.016,0.017,0.001,True,False,2025-07-11T18:36:18.064Z,2028-11-07T00:00:00Z,2025-07-03T20:37:16.510177Z,will-jon-stewart-win-the-2028-democratic-presidential-nomination-518,2026-05-30T07:54:11.206357+00:00
559662,30829,Democratic Presidential Nominee 2028,Will Mark Cuban win the 2028 Democratic presidential nomination?,,Politics,"World Elections, Global Elections, Elections, Politics, US Election, Earn 4%, Primaries, United States",58378309871183461257693288827678410871907006920578755035402846056315798427503,Yes,21972651.869395483,2040630.04834,0.009,0.01,0.001,True,False,2025-07-11T18:36:08.958Z,2028-11-07T00:00:00Z,2025-07-03T20:37:06.826667Z,will-mark-cuban-win-the-2028-democratic-presidential-nomination-329,2026-05-30T07:54:11.206357+00:00
562001,31875,Republican Presidential Nominee 2028,Will Steve Bannon win the 2028 Republican presidential nomination?,,Politics,"Politics, US Election, Elections, World Elections, Global Elections, Earn 4%, Primaries, United States",76572162491038773682779378100661251853152133818805423848523216103658476280587,Yes,21636716.62365222,1435906.44205,0.008,0.009,0.001,True,False,2025-07-11T19:42:31.108Z,2028-11-07T00:00:00Z,2025-07-10T16:58:20.143459Z,will-steve-bannon-win-the-2028-republican-presidential-nomination,2026-05-30T07:54:11.206357+00:00
559657,30829,Democratic Presidential Nominee 2028,Will Stephen A. Smith win the 2028 Democratic presidential nomination?,,Politics,"World Elections, Global Elections, Elections, Politics, US Election, Earn 4%, Primaries, United States",60590045489347122735554346200880179420435533609307820342798544098823516727807,Yes,20688227.64442024,937794.26266,0.01,0.011,0.001,True,False,2025-07-11T18:36:02.893Z,2028-11-07T00:00:00Z,2025-07-03T20:37:02.834964Z,will-stephen-a-smith-win-the-2028-democratic-presidential-nomination-914,2026-05-30T07:54:11.206357+00:00
559673,30829,Democratic Presidential Nominee 2028,Will John Fetterman win the 2028 Democratic presidential nomination?,,Politics,"World Elections, Global Elections, Elections, Politics, US Election, Earn 4%, Primaries, United States",71289010523270989807437428651002770360280908813019627976988032260868574107425,Yes,20199661.47958116,1510725.8141,0.008,0.009,0.001,True,False,2025-07-11T18:36:16.532Z,2028-11-07T00:00:00Z,2025-07-03T20:37:15.042865Z,will-john-fetterman-win-the-2028-democratic-presidential-nomination-941,2026-05-30T07:54:11.206357+00:00
561983,31875,Republican Presidential Nominee 2028,Will Greg Abbott win the 2028 Republican presidential nomination?,,Politics,"Politics, US Election, Elections, World Elections, Global Elections, Earn 4%, Primaries, United States",51109358167525503124101840618196204295486048568333812245607026343682053354150,Yes,20194161.38789992,1424558.57394,0.008,0.009,0.001,True,False,2025-07-11T19:42:13.945Z,2028-11-07T00:00:00Z,2025-07-10T16:58:08.485304Z,will-greg-abbott-win-the-2028-republican-presidential-nomination,2026-05-30T07:54:11.206357+00:00
561256,31552,Presidential Election Winner 2028,Will Zohran Mamdani win the 2028 US Presidential Election?,,Politics,"World Elections, Global Elections, US Election, Elections, Politics, Earn 4%, President, United States, Main Election",94621929236241392639802280031607240386237812521756048982107414565863464212526,Yes,19814103.371066403,1642848.37251,0.007,0.008,0.001,True,False,2025-07-11T19:06:15.307Z,2028-11-07T00:00:00Z,2025-07-08T19:06:13.209517Z,will-zohran-mamdani-win-the-2028-us-presidential-election,2026-05-30T07:54:11.206357+00:00
561988,31875,Republican Presidential Nominee 2028,Will Josh Hawley win the 2028 Republican presidential nomination?,,Politics,"Politics, US Election, Elections, World Elections, Global Elections, Earn 4%, Primaries, United States",16959950591508656523048029588253513417107455151269158025695062757254216051157,Yes,19303936.292656515,833860.75103,0.008,0.009,0.001,True,False,2025-07-11T19:42:18.131Z,2028-11-07T00:00:00Z,2025-07-10T16:58:11.045899Z,will-josh-hawley-win-the-2028-republican-presidential-nomination,2026-05-30T07:54:11.206357+00:00
561991,31875,Republican Presidential Nominee 2028,Will Matt Gaetz win the 2028 Republican presidential nomination?,,Politics,"Politics, US Election, Elections, World Elections, Global Elections, Earn 4%, Primaries, United States",21684611233679565633387313395955873024927822291738934804105644401703825367322,Yes,18867545.44375778,1611146.359,0.007,0.008,0.001,True,False,2025-07-11T19:42:22.569Z,2028-11-07T00:00:00Z,2025-07-10T16:58:12.885425Z,will-matt-gaetz-win-the-2028-republican-presidential-nomination,2026-05-30T07:54:11.206357+00:00
562000,31875,Republican Presidential Nominee 2028,Will Rand Paul win the 2028 Republican presidential nomination?,,Politics,"Politics, US Election, Elections, World Elections, Global Elections, Earn 4%, Primaries, United States",56369772478534954338683665819559528414197495274302917800610633957542171787417,Yes,18847338.3264639,1434074.31398,0.009,0.01,0.001,True,False,2025-07-11T19:42:30.592Z,2028-11-07T00:00:00Z,2025-07-10T16:58:19.246735Z,will-rand-paul-win-the-2028-republican-presidential-nomination,2026-05-30T07:54:11.206357+00:00
561237,31552,Presidential Election Winner 2028,Will Andy Beshear win the 2028 US Presidential Election?,,Politics,"World Elections, Global Elections, US Election, Elections, Politics, Earn 4%, President, United States, Main Election",50507496430692162923857760920722624157737138256097150616293040054748564876552,Yes,18332915.432726167,432068.8387,0.016,0.017,0.001,True,False,2025-07-11T19:05:56.713Z,2028-11-07T00:00:00Z,2025-07-08T19:06:02.391606Z,will-andy-beshear-win-the-2028-us-presidential-election,2026-05-30T07:54:11.206357+00:00
561989,31875,Republican Presidential Nominee 2028,Will Ted Cruz win the 2028 Republican presidential nomination?,,Politics,"Politics, US Election, Elections, World Elections, Global Elections, Earn 4%, Primaries, United States",75602319799101799832214450648958470414659751617273540482126444460192042893239,Yes,17593701.936852098,1053183.91345,0.009,0.01,0.001,True,False,2025-07-11T19:42:19.474Z,2028-11-07T00:00:00Z,2025-07-10T16:58:11.617768Z,will-ted-cruz-win-the-2028-republican-presidential-nomination,2026-05-30T07:54:11.206357+00:00
562002,31875,Republican Presidential Nominee 2028,Will Erika Kirk win the 2028 Republican presidential nomination?,,Politics,"Politics, US Election, Elections, World Elections, Global Elections, Earn 4%, Primaries, United States",36725157385158152303355940271421346899386884953712631735038848833359115722560,Yes,17593571.029914785,1911997.45021,0.007,0.008,0.001,True,False,2025-07-11T19:42:30.85Z,2028-11-07T00:00:00Z,2025-07-10T16:58:20.730741Z,will-erika-kirk-win-the-2028-republican-presidential-nomination,2026-05-30T07:54:11.206357+00:00
561985,31875,Republican Presidential Nominee 2028,Will Brian Kemp win the 2028 Republican presidential nomination?,,Politics,"Politics, US Election, Elections, World Elections, Global Elections, Earn 4%, Primaries, United States",109121432238307135312607668741094299588249627783575654034498708660414246884093,Yes,16770871.035152536,809391.9699,0.008,0.009,0.001,True,False,2025-07-11T19:42:17.07Z,2028-11-07T00:00:00Z,2025-07-10T16:58:09.524724Z,will-brian-kemp-win-the-2028-republican-presidential-nomination,2026-05-30T07:54:11.206357+00:00
561263,31552,Presidential Election Winner 2028,Will Eric Trump win the 2028 US Presidential Election?,,Politics,"World Elections, Global Elections, US Election, Elections, Politics, Earn 4%, President, United States, Main Election",67028631656597977031363620447645908995417871899828777750494099295092202422178,Yes,16741661.731237102,1999068.55403,0.006,0.007,0.001,True,False,2025-07-11T19:06:22.527Z,2028-11-07T00:00:00Z,2025-07-08T19:06:16.840767Z,will-eric-trump-win-the-2028-us-presidential-election,2026-05-30T07:54:11.206357+00:00
561230,31552,Presidential Election Winner 2028,Will Gavin Newsom win the 2028 US Presidential Election?,,Politics,"World Elections, Global Elections, US Election, Elections, Politics, Earn 4%, President, United States, Main Election",98250445447699368679516529207365255018790721464590833209064266254238063117329,Yes,16629788.734752102,409924.38784,0.159,0.16,0.001,True,False,2025-07-11T19:05:48.736Z,2028-11-07T00:00:00Z,2025-07-08T19:05:58.539212Z,will-gavin-newsom-win-the-2028-us-presidential-election,2026-05-30T07:54:11.206357+00:00
561984,31875,Republican Presidential Nominee 2028,Will Robert F. Kennedy Jr. win the 2028 Republican presidential nomination?,,Politics,"Politics, US Election, Elections, World Elections, Global Elections, Earn 4%, Primaries, United States",85795532452312461688342921814235563171225750416821603832877839950165564679042,Yes,16241352.88006136,1675708.38157,0.008,0.009,0.001,True,False,2025-07-11T19:42:14.943Z,2028-11-07T00:00:00Z,2025-07-10T16:58:08.992926Z,will-robert-f-kennedy-jr-win-the-2028-republican-presidential-nomination,2026-05-30T07:54:11.206357+00:00
559656,30829,Democratic Presidential Nominee 2028,Will Wes Moore win the 2028 Democratic presidential nomination?,,Politics,"World Elections, Global Elections, Elections, Politics, US Election, Earn 4%, Primaries, United States",90227223115596293448966158151606153337847900483048338623540402385929720677904,Yes,16148901.58724496,691040.65485,0.012,0.013,0.001,True,False,2025-07-11T18:36:00.839Z,2028-11-07T00:00:00Z,2025-07-03T20:37:01.954955Z,will-wes-moore-win-the-2028-democratic-presidential-nomination-714,2026-05-30T07:54:11.206357+00:00
559691,30829,Democratic Presidential Nominee 2028,Will Chris Murphy win the 2028 Democratic presidential nomination?,,Politics,"World Elections, Global Elections, Elections, Politics, US Election, Earn 4%, Primaries, United States",8815924480259634499011776432080696931704057619336093802050596292915996723758,Yes,16056307.4692469,1517655.37902,0.008,0.009,0.001,True,False,2025-07-11T18:36:36.48Z,2028-11-07T00:00:00Z,2025-07-03T20:37:25.960612Z,will-chris-murphy-win-the-2028-democratic-presidential-nomination,2026-05-30T07:54:11.206357+00:00
561257,31552,Presidential Election Winner 2028,Will Michelle Obama win the 2028 US Presidential Election?,,Politics,"World Elections, Global Elections, US Election, Elections, Politics, Earn 4%, President, United States, Main Election",88521269813605705303364598280494261510300497312149869577251450871617962933121,Yes,15939503.45979317,994089.22891,0.008,0.009,0.001,True,False,2025-07-11T19:06:14.528Z,2028-11-07T00:00:00Z,2025-07-08T19:06:13.682842Z,will-michelle-obama-win-the-2028-us-presidential-election,2026-05-30T07:54:11.206357+00:00
559668,30829,Democratic Presidential Nominee 2028,Will Mark Kelly win the 2028 Democratic presidential nomination?,,Politics,"World Elections, Global Elections, Elections, Politics, US Election, Earn 4%, Primaries, United States",92325249719485031139867422012514654102580961954747753469470405147070256604118,Yes,15766173.896873469,650879.3836,0.019,0.02,0.001,True,False,2025-07-11T18:36:13.216Z,2028-11-07T00:00:00Z,2025-07-03T20:37:11.388193Z,will-mark-kelly-win-the-2028-democratic-presidential-nomination-479,2026-05-30T07:54:11.206357+00:00
561981,31875,Republican Presidential Nominee 2028,Will Vivek Ramaswamy win the 2028 Republican presidential nomination?,,Politics,"Politics, US Election, Elections, World Elections, Global Elections, Earn 4%, Primaries, United States",7847177314809025001842027337093046201021185723933452855314998541165696902642,Yes,15593559.065137098,1100826.66628,0.012,0.013,0.001,True,False,2025-07-11T19:42:11.856Z,2028-11-07T00:00:00Z,2025-07-10T16:58:07.429979Z,will-vivek-ramaswamy-win-the-2028-republican-presidential-nomination,2026-05-30T07:54:11.206357+00:00
559663,30829,Democratic Presidential Nominee 2028,Will J.B. Pritzker win the 2028 Democratic presidential nomination?,,Politics,"World Elections, Global Elections, Elections, Politics, US Election, Earn 4%, Primaries, United States",103988345069738240821107916249290759786442703283901164377120414690701074137717,Yes,14422114.852169022,478545.00918,0.016,0.017,0.001,True,False,2025-07-11T18:36:09.214Z,2028-11-07T00:00:00Z,2025-07-03T20:37:07.438948Z,will-jb-pritzker-win-the-2028-democratic-presidential-nomination-288,2026-05-30T07:54:11.206357+00:00
561979,31875,Republican Presidential Nominee 2028,Will Ron DeSantis win the 2028 Republican presidential nomination?,,Politics,"Politics, US Election, Elections, World Elections, Global Elections, Earn 4%, Primaries, United States",12127975650736113116407758794754973741525044713193258995588171654429754588610,Yes,13979208.3182327,223452.89932,0.037,0.038,0.001,True,False,2025-07-11T19:42:10.003Z,2028-11-07T00:00:00Z,2025-07-10T16:58:06.43886Z,will-ron-desantis-win-the-2028-republican-presidential-nomination,2026-05-30T07:54:11.206357+00:00
559669,30829,Democratic Presidential Nominee 2028,Will Rahm Emanuel win the 2028 Democratic presidential nomination?,,Politics,"World Elections, Global Elections, Elections, Politics, US Election, Earn 4%, Primaries, United States",10521981432803570450946212503203364998108630328528216082760514453664705157397,Yes,13806113.232610982,748989.68686,0.022,0.023,0.001,True,False,2025-07-11T18:36:13.728Z,2028-11-07T00:00:00Z,2025-07-03T20:37:12.258547Z,will-rahm-emanuel-win-the-2028-democratic-presidential-nomination-299,2026-05-30T07:54:11.206357+00:00
561229,31552,Presidential Election Winner 2028,Will JD Vance win the 2028 US Presidential Election?,,Politics,"World Elections, Global Elections, US Election, Elections, Politics, Earn 4%, President, United States, Main Election",16040015440196279900485035793550429453516625694844857319147506590755961451627,Yes,13241769.834064892,644588.98983,0.183,0.184,0.001,True,False,2025-07-11T19:05:46.369Z,2028-11-07T00:00:00Z,2025-07-08T19:05:57.953786Z,will-jd-vance-win-the-2028-us-presidential-election,2026-05-30T07:54:11.206357+00:00
561974,31875,Republican Presidential Nominee 2028,Will J.D. Vance win the 2028 Republican presidential nomination?,,Politics,"Politics, US Election, Elections, World Elections, Global Elections, Earn 4%, Primaries, United States",40081275558852222228080198821361202017557872256707631666334039001378518619916,Yes,13172630.324787,329123.59384,0.323,0.324,0.001,True,False,2025-07-11T19:42:02.156Z,2028-11-07T00:00:00Z,2025-07-10T16:58:03.473795Z,will-jd-vance-win-the-2028-republican-presidential-nomination,2026-05-30T07:54:11.206357+00:00
559653,30829,Democratic Presidential Nominee 2028,Will Alexandria Ocasio-Cortez win the 2028 Democratic presidential nomination?,,Politics,"World Elections, Global Elections, Elections, Politics, US Election, Earn 4%, Primaries, United States",107064985435494333113391038470401719113272800530429703182710416066774068907304,Yes,13074978.5661612,270514.78877,0.09,0.091,0.001,True,False,2025-07-11T18:35:59.075Z,2028-11-07T00:00:00Z,2025-07-03T20:36:59.751189Z,will-alexandria-ocasio-cortez-win-the-2028-democratic-presidential-nomination-653,2026-05-30T07:54:11.206357+00:00
561976,31875,Republican Presidential Nominee 2028,Will Tulsi Gabbard win the 2028 Republican presidential nomination?,,Politics,"Politics, US Election, Elections, World Elections, Global Elections, Earn 4%, Primaries, United States",111796631871113641071635832853519973638674140424258605036492112910151603434351,Yes,12759550.11813899,1373582.50762,0.012,0.013,0.001,True,False,2025-07-11T19:42:04.191Z,2028-11-07T00:00:00Z,2025-07-10T16:58:04.683789Z,will-tulsi-gabbard-win-the-2028-republican-presidential-nomination,2026-05-30T07:54:11.206357+00:00
1048199,22448,Taylor Swift pregnant in 2025?,Taylor Swift pregnant before 2027?,,Pop Culture,"Music, Celebrities, Culture, Taylor Swift",44827572479353518081244438746113968420401867280288091969239280589388541478697,Yes,34002.350614999996,699.9453,0.25,0.33,0.08,True,False,2025-12-28T23:03:36.92467Z,2026-12-31T12:00:00Z,2025-12-28T18:05:27.904845Z,taylor-swift-pregnant-before-2027,2026-05-30T07:54:11.206357+00:00
676804,25009,Will OpenAI launch a consumer hardware product by...?,"Will OpenAI launch a new consumer hardware product by December 31, 2026?",,Science/Tech,"Tech, OpenAI, Big Tech, sam altman, AI, GPT-5",108052633825118494550832240247980096965299835115818656939682823516952479310001,Yes,28316.66684699999,632.897,0.13,0.18,0.05,True,False,2025-11-12T21:34:19.494201Z,2026-12-31T00:00:00Z,2025-11-11T17:59:14.261328Z,will-openai-launch-a-new-consumer-hardware-product-by-december-31-2026,2026-05-30T07:54:11.206357+00:00
553861,27830,2026 NBA Champion,Will the Indiana Pacers win the 2026 NBA Finals?,,Sports,"Sports, NBA, NBA Finals, Basketball, NBA Champion, 2026 NBA Playoffs",108169301860964568280919009470345091856250866871799542460872818801065399794523,Yes,402541705.4433491,1221398.35031,,0.001,0.001,True,True,2025-06-23T16:02:17.845987Z,2026-07-01T00:00:00Z,2025-06-19T18:23:30.310922Z,will-the-indiana-pacers-win-the-2026-nba-finals,2026-05-30T07:54:11.206357+00:00
553870,27830,2026 NBA Champion,Will the Dallas Mavericks win the 2026 NBA Finals?,,Sports,"Sports, NBA, NBA Finals, Basketball, NBA Champion, 2026 NBA Playoffs",66366257655830261525886886009374355528181312179120554384746710233627914852488,Yes,402541705.4433491,1221398.35031,,0.001,0.001,True,True,2025-06-23T16:02:27.897397Z,2026-07-01T00:00:00Z,2025-06-19T18:23:35.115947Z,will-the-dallas-mavericks-win-the-2026-nba-finals,2026-05-30T07:54:11.206357+00:00
553874,27830,2026 NBA Champion,Will the Memphis Grizzlies win the 2026 NBA Finals?,,Sports,"Sports, NBA, NBA Finals, Basketball, NBA Champion, 2026 NBA Playoffs",14471701768196830630634668680091812585489580903183764961933738527738578243643,Yes,402541705.4433491,1221398.35031,,0.001,0.001,True,True,2025-06-23T16:02:38.166087Z,2026-07-01T00:00:00Z,2025-06-19T18:23:36.929001Z,will-the-memphis-grizzlies-win-the-2026-nba-finals,2026-05-30T07:54:11.206357+00:00
553875,27830,2026 NBA Champion,Will the New Orleans Pelicans win the 2026 NBA Finals?,,Sports,"Sports, NBA, NBA Finals, Basketball, NBA Champion, 2026 NBA Playoffs",53866778779597540216098195494948116143462973030875609635557099377395290457894,Yes,402541705.4433491,1221398.35031,,0.001,0.001,True,True,2025-06-23T16:02:37.658255Z,2026-07-01T00:00:00Z,2025-06-19T18:23:37.3647Z,will-the-new-orleans-pelicans-win-the-2026-nba-finals,2026-05-30T07:54:11.206357+00:00
553880,27830,2026 NBA Champion,Will the Brooklyn Nets win the 2026 NBA Finals?,,Sports,"Sports, NBA, NBA Finals, Basketball, NBA Champion, 2026 NBA Playoffs",64549842273644936434796394147539611999053320902810805414231521716955581728589,Yes,402541705.4433491,1221398.35031,,0.001,0.001,True,True,2025-06-23T16:02:41.548206Z,2026-07-01T00:00:00Z,2025-06-19T18:23:39.603474Z,will-the-brooklyn-nets-win-the-2026-nba-finals,2026-05-30T07:54:11.206357+00:00
553883,27830,2026 NBA Champion,Will the Utah Jazz win the 2026 NBA Finals?,,Sports,"Sports, NBA, NBA Finals, Basketball, NBA Champion, 2026 NBA Playoffs",53006315426468323724031258089790468729343421857824347432950535733105890769616,Yes,402541705.4433491,1221398.35031,,0.001,0.001,True,True,2025-06-23T16:02:46.825052Z,2026-07-01T00:00:00Z,2025-06-19T18:23:41.388362Z,will-the-utah-jazz-win-the-2026-nba-finals,2026-05-30T07:54:11.206357+00:00
553884,27830,2026 NBA Champion,Will the Sacramento Kings win the 2026 NBA Finals?,,Sports,"Sports, NBA, NBA Finals, Basketball, NBA Champion, 2026 NBA Playoffs",43188456899429095169719425657675574406971788455653520655277889301401421589231,Yes,402541705.4433491,1221398.35031,,0.001,0.001,True,True,2025-06-23T16:02:48.12428Z,2026-07-01T00:00:00Z,2025-06-19T18:23:41.833341Z,will-the-sacramento-kings-win-the-2026-nba-finals,2026-05-30T07:54:11.206357+00:00
553885,27830,2026 NBA Champion,Will the Washington Wizards win the 2026 NBA Finals?,,Sports,"Sports, NBA, NBA Finals, Basketball, NBA Champion, 2026 NBA Playoffs",57216346243194048494106885096326902046397640842339362261275028299309205230984,Yes,402541705.4433491,1221398.35031,,0.001,0.001,True,True,2025-06-23T16:02:48.378733Z,2026-07-01T00:00:00Z,2025-06-19T18:23:42.299073Z,will-the-washington-wizards-win-the-2026-nba-finals,2026-05-30T07:54:11.206357+00:00
553836,27829,2026 NHL Stanley Cup Champion ,Will the New York Rangers win the 2026 NHL Stanley Cup?,,Sports,"Sports, Hockey, NHL, Stanley Cup, 2026 NHL Playoffs",8632114599242481428657290920457928145465118150352562816049752984278653204354,Yes,80917385.69298485,265728.90096,,0.001,0.001,True,True,2025-06-23T16:00:43.082745Z,2026-06-30T00:00:00Z,2025-06-19T18:02:56.955701Z,will-the-new-york-rangers-win-the-2026-nhl-stanley-cup,2026-05-30T07:54:11.206357+00:00
553841,27829,2026 NHL Stanley Cup Champion ,Will the Vancouver Canucks win the 2026 NHL Stanley Cup?,,Sports,"Sports, Hockey, NHL, Stanley Cup, 2026 NHL Playoffs",57745051474175280715827307490433711376781914565134185656043688787803746924931,Yes,80917385.69298485,265728.90096,,0.001,0.001,True,True,2025-06-23T16:00:47.469459Z,2026-06-30T00:00:00Z,2025-06-19T18:02:59.299501Z,will-the-vancouver-canucks-win-the-2026-nhl-stanley-cup,2026-05-30T07:54:11.206357+00:00
558960,30615,World Cup Winner ,Will Uzbekistan win the 2026 FIFA World Cup?,,Sports,"Soccer, Sports, FIFA World Cup, 2026 FIFA World Cup, Hide From New",90538013438399246674125939147272424357773921253199632436930218305581040235987,Yes,47542364.99141759,7397707.6269,,0.001,0.001,True,False,2025-07-02T22:27:23.588Z,2026-07-20T00:00:00Z,2025-07-02T16:54:55.743901Z,will-uzbekistan-win-the-2026-fifa-world-cup-773,2026-05-30T07:54:11.206357+00:00
558978,30615,World Cup Winner ,Will Curaçao win the 2026 FIFA World Cup?,,Sports,"Soccer, Sports, FIFA World Cup, 2026 FIFA World Cup, Hide From New",69020832226510184384177497367584971770730339593583713190288186699694495509961,Yes,40372925.67691623,10277798.22574,,0.001,0.001,True,False,2025-07-02T22:27:41.688Z,2026-07-20T00:00:00Z,2025-07-02T16:55:06.231278Z,will-curaao-win-the-2026-fifa-world-cup,2026-05-30T07:54:11.206357+00:00
558943,30615,World Cup Winner ,Will USA win the 2026 FIFA World Cup?,,Sports,"Soccer, Sports, FIFA World Cup, 2026 FIFA World Cup, Hide From New",94603648636330087039501304492699481091005420017442244191603206509188088089447,Yes,40307661.03201109,5749904.4673,0.011,0.012,0.001,True,False,2025-07-02T22:27:00.955Z,2026-07-20T00:00:00Z,2025-07-02T16:54:46.301056Z,will-usa-win-the-2026-fifa-world-cup-467,2026-05-30T07:54:11.206357+00:00
553882,27830,2026 NBA Champion,Will the Charlotte Hornets win the 2026 NBA Finals?,,Sports,"Sports, NBA, NBA Finals, Basketball, NBA Champion, 2026 NBA Playoffs",56958503032603479474712760211473691965846495282533669255954105717594026846100,Yes,36535986.5725531,1221398.35031,,0.001,0.001,True,True,2025-06-23T16:02:47.87066Z,2026-07-01T00:00:00Z,2025-06-19T18:23:40.949859Z,will-the-charlotte-hornets-win-the-2026-nba-finals,2026-05-30T07:54:11.206357+00:00
558957,30615,World Cup Winner ,Will New Zealand win the 2026 FIFA World Cup?,,Sports,"Soccer, Sports, FIFA World Cup, 2026 FIFA World Cup, Hide From New",79609298644734030886284029462369514848707878622071495577618126141372199748974,Yes,35131139.290645175,10139921.57849,,0.001,0.001,True,False,2025-07-02T22:27:17.147Z,2026-07-20T00:00:00Z,2025-07-02T16:54:53.912088Z,will-new-zealand-win-the-2026-fifa-world-cup-635,2026-05-30T07:54:11.206357+00:00
558964,30615,World Cup Winner ,Will South Africa win the 2026 FIFA World Cup?,,Sports,"Soccer, Sports, FIFA World Cup, 2026 FIFA World Cup, Hide From New",29544965695734183971376022965555206180154533479443150154863135205600734339980,Yes,33180132.45789426,7781961.2016,,0.001,0.001,True,False,2025-07-02T22:27:22.823Z,2026-07-20T00:00:00Z,2025-07-02T16:54:58.14101Z,will-south-africa-win-the-2026-fifa-world-cup,2026-05-30T07:54:11.206357+00:00
558972,30615,World Cup Winner ,Will Saudi Arabia win the 2026 FIFA World Cup?,,Sports,"Soccer, Sports, FIFA World Cup, 2026 FIFA World Cup, Hide From New",23542782083949026234898323432000742558288032327930681121040136746492993951914,Yes,32326586.443883725,9698345.61227,,0.001,0.001,True,False,2025-07-02T22:27:30.886Z,2026-07-20T00:00:00Z,2025-07-02T16:55:02.732073Z,will-saudi-arabia-win-the-2026-fifa-world-cup,2026-05-30T07:54:11.206357+00:00
558961,30615,World Cup Winner ,Will South Korea win the 2026 FIFA World Cup?,,Sports,"Soccer, Sports, FIFA World Cup, 2026 FIFA World Cup, Hide From New",80724786407275266937534613008558715581084712230616856739273522348302669402554,Yes,32130853.567809463,4505430.59009,0.002,0.003,0.001,True,False,2025-07-02T22:27:23.333Z,2026-07-20T00:00:00Z,2025-07-02T16:54:56.391365Z,will-south-korea-win-the-2026-fifa-world-cup-485,2026-05-30T07:54:11.206357+00:00
558959,30615,World Cup Winner ,Will Iran win the 2026 FIFA World Cup?,,Sports,"Soccer, Sports, FIFA World Cup, 2026 FIFA World Cup, Hide From New",33747305042007778221968790541070114008811587676172030120559423448386310500957,Yes,32033893.51979012,6296521.48145,0.001,0.002,0.001,True,False,2025-07-02T22:27:17.657Z,2026-07-20T00:00:00Z,2025-07-02T16:54:55.140328Z,will-iran-win-the-2026-fifa-world-cup-788,2026-05-30T07:54:11.206357+00:00
558936,30615,World Cup Winner ,Will France win the 2026 FIFA World Cup?,,Sports,"Soccer, Sports, FIFA World Cup, 2026 FIFA World Cup, Hide From New",108233603819467706476318984012158651931658302669301887462181073562758483842092,Yes,31976524.828418802,770570.21126,0.164,0.165,0.001,True,False,2025-07-02T22:26:52.583Z,2026-07-20T00:00:00Z,2025-07-02T16:54:42.081862Z,will-france-win-the-2026-fifa-world-cup-924,2026-05-30T07:54:11.206357+00:00
553866,27830,2026 NBA Champion,Will the San Antonio Spurs win the 2026 NBA Finals?,,Sports,"Sports, NBA, NBA Finals, Basketball, NBA Champion, 2026 NBA Playoffs",102227184035967850089766981958743064457339118173548431660886438726896222843254,Yes,31973588.98668335,274068.88449,0.254,0.255,0.001,True,False,2025-06-23T16:02:23.789333Z,2026-07-01T00:00:00Z,2025-06-19T18:23:33.289121Z,will-the-san-antonio-spurs-win-the-2026-nba-finals,2026-05-30T07:54:11.206357+00:00
558966,30615,World Cup Winner ,Will Ivory Coast win the 2026 FIFA World Cup?,,Sports,"Soccer, Sports, FIFA World Cup, 2026 FIFA World Cup, Hide From New",58374167250364215964582274356498746399676421878376948523944979542572589542202,Yes,31907563.575268395,5279343.70656,0.002,0.003,0.001,True,False,2025-07-02T22:27:22.059Z,2026-07-20T00:00:00Z,2025-07-02T16:54:59.280491Z,will-ivory-coast-win-the-2026-fifa-world-cup,2026-05-30T07:54:11.206357+00:00
558962,30615,World Cup Winner ,Will Jordan win the 2026 FIFA World Cup?,,Sports,"Soccer, Sports, FIFA World Cup, 2026 FIFA World Cup, Hide From New",98686749402500678753487703372528277029342097490180026723487433517076969282825,Yes,30415330.08188278,10558210.35273,,0.001,0.001,True,False,2025-07-02T22:27:22.314Z,2026-07-20T00:00:00Z,2025-07-02T16:54:56.940413Z,will-jordan-win-the-2026-fifa-world-cup-233,2026-05-30T07:54:11.206357+00:00
558973,30615,World Cup Winner ,Will Scotland win the 2026 FIFA World Cup?,,Sports,"Soccer, Sports, FIFA World Cup, 2026 FIFA World Cup, Hide From New",105252206997885252352889070218074909957179496257006510170583432513037465278006,Yes,30174119.322745882,8628034.60377,0.002,0.003,0.001,True,False,2025-07-02T22:27:31.143Z,2026-07-20T00:00:00Z,2025-07-02T16:55:03.304664Z,will-scotland-win-the-2026-fifa-world-cup,2026-05-30T07:54:11.206357+00:00
558968,30615,World Cup Winner ,Will Egypt win the 2026 FIFA World Cup?,,Sports,"Soccer, Sports, FIFA World Cup, 2026 FIFA World Cup, Hide From New",30499731947464516579580181356221397335865912996104577000510883912653418218808,Yes,29915727.658491995,8066887.02854,0.002,0.003,0.001,True,False,2025-07-02T22:27:27.82Z,2026-07-20T00:00:00Z,2025-07-02T16:55:00.39017Z,will-egypt-win-the-2026-fifa-world-cup,2026-05-30T07:54:11.206357+00:00
558975,30615,World Cup Winner ,Will Austria win the 2026 FIFA World Cup?,,Sports,"Soccer, Sports, FIFA World Cup, 2026 FIFA World Cup, Hide From New",88168215299416146215691671077998911754346458567817860712850392736799004561327,Yes,29390224.89599221,3171780.47559,0.005,0.006,0.001,True,False,2025-07-02T22:27:42.199Z,2026-07-20T00:00:00Z,2025-07-02T16:55:04.511811Z,will-austria-win-the-2026-fifa-world-cup,2026-05-30T07:54:11.206357+00:00
558952,30615,World Cup Winner ,Will Canada win the 2026 FIFA World Cup?,,Sports,"Soccer, Sports, FIFA World Cup, 2026 FIFA World Cup, Hide From New",99303605181956827630838461879484468077121754034387765735989859308848389894408,Yes,29346398.368452847,9224340.87751,0.003,0.004,0.001,True,False,2025-07-02T22:27:13.031Z,2026-07-20T00:00:00Z,2025-07-02T16:54:50.932159Z,will-canada-win-the-2026-fifa-world-cup-755,2026-05-30T07:54:11.206357+00:00
558976,30615,World Cup Winner ,Will Croatia win the 2026 FIFA World Cup?,,Sports,"Soccer, Sports, FIFA World Cup, 2026 FIFA World Cup, Hide From New",106593539437032467615148553707998472829334050617128244920821917025746481184109,Yes,29251364.776766945,2332484.55033,0.008,0.009,0.001,True,False,2025-07-02T22:27:43.058Z,2026-07-20T00:00:00Z,2025-07-02T16:55:05.105151Z,will-croatia-win-the-2026-fifa-world-cup,2026-05-30T07:54:11.206357+00:00
558971,30615,World Cup Winner ,Will Qatar win the 2026 FIFA World Cup?,,Sports,"Soccer, Sports, FIFA World Cup, 2026 FIFA World Cup, Hide From New",18605216520960122093689427575806651607517827372535894526532079999408408169156,Yes,29247304.016331848,10655118.0342,,0.001,0.001,True,False,2025-07-02T22:27:31.656Z,2026-07-20T00:00:00Z,2025-07-02T16:55:02.17538Z,will-qatar-win-the-2026-fifa-world-cup,2026-05-30T07:54:11.206357+00:00
558955,30615,World Cup Winner ,Will Ecuador win the 2026 FIFA World Cup?,,Sports,"Soccer, Sports, FIFA World Cup, 2026 FIFA World Cup, Hide From New",39971087496427056640429359043364261029374524049464674733142166279730655826181,Yes,29090271.729184177,4733959.3597,0.008,0.009,0.001,True,False,2025-07-02T22:27:12.271Z,2026-07-20T00:00:00Z,2025-07-02T16:54:52.802292Z,will-ecuador-win-the-2026-fifa-world-cup-986,2026-05-30T07:54:11.206357+00:00
558958,30615,World Cup Winner ,Will Australia win the 2026 FIFA World Cup?,,Sports,"Soccer, Sports, FIFA World Cup, 2026 FIFA World Cup, Hide From New",43661509251351142169227141691164122649250455115438867334436875294380701133091,Yes,28892641.170567766,9519768.17813,0.001,0.002,0.001,True,False,2025-07-02T22:27:17.913Z,2026-07-20T00:00:00Z,2025-07-02T16:54:54.563354Z,will-australia-win-the-2026-fifa-world-cup-816,2026-05-30T07:54:11.206357+00:00
558949,30615,World Cup Winner ,Will Japan win the 2026 FIFA World Cup?,,Sports,"Soccer, Sports, FIFA World Cup, 2026 FIFA World Cup, Hide From New",19159976531313550247579355752030367100657092033093647047491459813592996250034,Yes,28046927.62181617,408785.04084,0.018,0.019,0.001,True,False,2025-07-02T22:27:08.006Z,2026-07-20T00:00:00Z,2025-07-02T16:54:49.807435Z,will-japan-win-the-2026-fifa-world-cup-112,2026-05-30T07:54:11.206357+00:00
558963,30615,World Cup Winner ,Will Morocco win the 2026 FIFA World Cup?,,Sports,"Soccer, Sports, FIFA World Cup, 2026 FIFA World Cup, Hide From New",69910730841487615802736046038473620030754616421912831175284551372639933569112,Yes,27937887.66769588,2241612.991,0.014,0.015,0.001,True,False,2025-07-02T22:27:22.568Z,2026-07-20T00:00:00Z,2025-07-02T16:54:57.522078Z,will-morocco-win-the-2026-fifa-world-cup-464,2026-05-30T07:54:11.206357+00:00
558954,30615,World Cup Winner ,Will Tunisia win the 2026 FIFA World Cup?,,Sports,"Soccer, Sports, FIFA World Cup, 2026 FIFA World Cup, Hide From New",86035858416252385053603758548087253570549129844230230783932738372075949702177,Yes,27864494.13468598,10672882.47807,0.001,0.002,0.001,True,False,2025-07-02T22:27:12.017Z,2026-07-20T00:00:00Z,2025-07-02T16:54:52.219101Z,will-tunisia-win-the-2026-fifa-world-cup-165,2026-05-30T07:54:11.206357+00:00
558970,30615,World Cup Winner ,Will Cape Verde win the 2026 FIFA World Cup?,,Sports,"Soccer, Sports, FIFA World Cup, 2026 FIFA World Cup, Hide From New",61595193871140044336898809781418183952441527621084596848414908595268863899573,Yes,27529512.14516404,10639169.6786,,0.001,0.001,True,False,2025-07-02T22:27:26.757Z,2026-07-20T00:00:00Z,2025-07-02T16:55:01.531967Z,will-cape-verde-win-the-2026-fifa-world-cup,2026-05-30T07:54:11.206357+00:00
558981,30615,World Cup Winner ,Will Congo DR win the 2026 FIFA World Cup?,,Sports,"Soccer, Sports, FIFA World Cup, 2026 FIFA World Cup, Hide From New",87403333427856945144645806003352057704193778078820484282942507058200689996202,Yes,26900844.830787934,2455742.81886,0.001,0.002,0.001,True,False,2025-07-02T22:27:46.901Z,2026-07-20T00:00:00Z,2025-07-02T16:55:07.881367Z,will-congo-dr-win-the-2026-fifa-world-cup,2026-05-30T07:54:11.206357+00:00
558969,30615,World Cup Winner ,Will Algeria win the 2026 FIFA World Cup?,,Sports,"Soccer, Sports, FIFA World Cup, 2026 FIFA World Cup, Hide From New",58392024727359233794992635293106675983094683080284912908526627785964160484939,Yes,26718566.84521533,9776171.743,0.001,0.002,0.001,True,False,2025-07-02T22:27:27.012Z,2026-07-20T00:00:00Z,2025-07-02T16:55:00.961642Z,will-algeria-win-the-2026-fifa-world-cup,2026-05-30T07:54:11.206357+00:00
558945,30615,World Cup Winner ,Will Mexico win the 2026 FIFA World Cup?,,Sports,"Soccer, Sports, FIFA World Cup, 2026 FIFA World Cup, Hide From New",22587775301869146748237913050505932485648958481571808324285560650057390882036,Yes,26338009.00497672,2582795.73736,0.01,0.011,0.001,True,False,2025-07-02T22:27:01.209Z,2026-07-20T00:00:00Z,2025-07-02T16:54:47.399042Z,will-mexico-win-the-2026-fifa-world-cup-529,2026-05-30T07:54:11.206357+00:00
558940,30615,World Cup Winner ,Will Portugal win the 2026 FIFA World Cup?,,Sports,"Soccer, Sports, FIFA World Cup, 2026 FIFA World Cup, Hide From New",45415751658241142530386585138386640503488308219341470020075667342738719018629,Yes,26032232.08048566,823728.11207,0.101,0.102,0.001,True,False,2025-07-02T22:26:58.618Z,2026-07-20T00:00:00Z,2025-07-02T16:54:44.492744Z,will-portugal-win-the-2026-fifa-world-cup-912,2026-05-30T07:54:11.206357+00:00
558951,30615,World Cup Winner ,Will Norway win the 2026 FIFA World Cup?,,Sports,"Soccer, Sports, FIFA World Cup, 2026 FIFA World Cup, Hide From New",60447443643099453130956385288904175887233107411078568881602330835010340506057,Yes,26009608.101046566,1039084.70516,0.026,0.027,0.001,True,False,2025-07-02T22:27:12.778Z,2026-07-20T00:00:00Z,2025-07-02T16:54:50.383881Z,will-norway-win-the-2026-fifa-world-cup-893,2026-05-30T07:54:11.206357+00:00
558956,30615,World Cup Winner ,Will Paraguay win the 2026 FIFA World Cup?,,Sports,"Soccer, Sports, FIFA World Cup, 2026 FIFA World Cup, Hide From New",93165696161088512376930999170413968261015485018106746563527821398897374023845,Yes,25907035.905413732,7293750.5823,0.002,0.003,0.001,True,False,2025-07-02T22:27:17.403Z,2026-07-20T00:00:00Z,2025-07-02T16:54:53.364208Z,will-paraguay-win-the-2026-fifa-world-cup-967,2026-05-30T07:54:11.206357+00:00
558934,30615,World Cup Winner ,Will Spain win the 2026 FIFA World Cup?,,Sports,"Soccer, Sports, FIFA World Cup, 2026 FIFA World Cup, Hide From New",4394372887385518214471608448209527405727552777602031099972143344338178308080,Yes,25722450.997266036,726775.3697,0.167,0.168,0.001,True,False,2025-07-02T22:26:48.104Z,2026-07-20T00:00:00Z,2025-07-02T16:54:40.860413Z,will-spain-win-the-2026-fifa-world-cup-963,2026-05-30T07:54:11.206357+00:00
553878,27830,2026 NBA Champion,Will the Chicago Bulls win the 2026 NBA Finals?,,Sports,"Sports, NBA, NBA Finals, Basketball, NBA Champion, 2026 NBA Playoffs",101657448900324364213467059356648689270832606863187352286785694887095023173679,Yes,25350912.14729484,1221398.35031,,0.001,0.001,True,True,2025-06-23T16:02:42.983826Z,2026-07-01T00:00:00Z,2025-06-19T18:23:38.667491Z,will-the-chicago-bulls-win-the-2026-nba-finals,2026-05-30T07:54:11.206357+00:00
558941,30615,World Cup Winner ,Will Netherlands win the 2026 FIFA World Cup?,,Sports,"Soccer, Sports, FIFA World Cup, 2026 FIFA World Cup, Hide From New",55935183786009449883683540312350046975246300613283087403691731856990327029236,Yes,24860467.90118355,401444.90678,0.042,0.043,0.001,True,False,2025-07-02T22:26:58.109Z,2026-07-20T00:00:00Z,2025-07-02T16:54:45.066939Z,will-netherlands-win-the-2026-fifa-world-cup-739,2026-05-30T07:54:11.206357+00:00
553879,27830,2026 NBA Champion,Will the Portland Trail Blazers win the 2026 NBA Finals?,,Sports,"Sports, NBA, NBA Finals, Basketball, NBA Champion, 2026 NBA Playoffs",82402823484466457361170410951601106261368113664328436062375970009969959380598,Yes,24832577.43866959,1221398.35031,,0.001,0.001,True,True,2025-06-23T16:02:41.286933Z,2026-07-01T00:00:00Z,2025-06-19T18:23:39.128911Z,will-the-portland-trail-blazers-win-the-2026-nba-finals,2026-05-30T07:54:11.206357+00:00
558965,30615,World Cup Winner ,Will Senegal win the 2026 FIFA World Cup?,,Sports,"Soccer, Sports, FIFA World Cup, 2026 FIFA World Cup, Hide From New",32169302633723235235251659810064817019484855501133685217130365128535248672349,Yes,24452710.186973296,5206995.69282,0.006,0.007,0.001,True,False,2025-07-02T22:27:23.078Z,2026-07-20T00:00:00Z,2025-07-02T16:54:58.719876Z,will-senegal-win-the-2026-fifa-world-cup,2026-05-30T07:54:11.206357+00:00
558967,30615,World Cup Winner ,Will Ghana win the 2026 FIFA World Cup?,,Sports,"Soccer, Sports, FIFA World Cup, 2026 FIFA World Cup, Hide From New",43907673646206657865778036957293730446366626078011238443367990170655175896145,Yes,24201771.97313201,9643284.94745,0.002,0.003,0.001,True,False,2025-07-02T22:27:23.843Z,2026-07-20T00:00:00Z,2025-07-02T16:54:59.845064Z,will-ghana-win-the-2026-fifa-world-cup,2026-05-30T07:54:11.206357+00:00
558974,30615,World Cup Winner ,Will Switzerland win the 2026 FIFA World Cup?,,Sports,"Soccer, Sports, FIFA World Cup, 2026 FIFA World Cup, Hide From New",62131913648515148266463816694306031394539656598501514114816028349608560215534,Yes,24087481.822231505,1166638.08616,0.01,0.012,0.002,True,False,2025-07-02T22:27:31.4Z,2026-07-20T00:00:00Z,2025-07-02T16:55:03.947467Z,will-switzerland-win-the-2026-fifa-world-cup,2026-05-30T07:54:11.206357+00:00
553863,27830,2026 NBA Champion,Will the Los Angeles Lakers win the 2026 NBA Finals?,,Sports,"Sports, NBA, NBA Finals, Basketball, NBA Champion, 2026 NBA Playoffs",86297520870744792204751483474339201341298076835836561764334428915355504860913,Yes,24030698.566587575,1221398.35031,,0.001,0.001,True,True,2025-06-23T16:02:17.579143Z,2026-07-01T00:00:00Z,2025-06-19T18:23:31.302657Z,will-the-los-angeles-lakers-win-the-2026-nba-finals,2026-05-30T07:54:11.206357+00:00
558937,30615,World Cup Winner ,Will Brazil win the 2026 FIFA World Cup?,,Sports,"Soccer, Sports, FIFA World Cup, 2026 FIFA World Cup, Hide From New",27576533317283401577758999384642760405921738493660383550832555714312627457443,Yes,23099631.861969214,1412122.64172,0.092,0.093,0.001,True,False,2025-07-02T22:26:52.84Z,2026-07-20T00:00:00Z,2025-07-02T16:54:42.713854Z,will-brazil-win-the-2026-fifa-world-cup-183,2026-05-30T07:54:11.206357+00:00
558938,30615,World Cup Winner ,Will Argentina win the 2026 FIFA World Cup?,,Sports,"Soccer, Sports, FIFA World Cup, 2026 FIFA World Cup, Hide From New",18812649149814341758733697580460697418474693998558159483117100240528657629879,Yes,22827938.730100892,1256302.87167,0.085,0.086,0.001,True,False,2025-07-02T22:26:52.071Z,2026-07-20T00:00:00Z,2025-07-02T16:54:43.302408Z,will-argentina-win-the-2026-fifa-world-cup-245,2026-05-30T07:54:11.206357+00:00
558944,30615,World Cup Winner ,Will Uruguay win the 2026 FIFA World Cup?,,Sports,"Soccer, Sports, FIFA World Cup, 2026 FIFA World Cup, Hide From New",97239126062673310243763617236644392945530356142765650402171508075574679292913,Yes,22283526.148839667,6996875.00683,0.01,0.011,0.001,True,False,2025-07-02T22:27:01.463Z,2026-07-20T00:00:00Z,2025-07-02T16:54:46.856637Z,will-uruguay-win-the-2026-fifa-world-cup-932,2026-05-30T07:54:11.206357+00:00
558939,30615,World Cup Winner ,Will Germany win the 2026 FIFA World Cup?,,Sports,"Soccer, Sports, FIFA World Cup, 2026 FIFA World Cup, Hide From New",81739002353269632749850710185641576213562066971072676369728657545679630163887,Yes,21946946.8094807,1034940.65914,0.051,0.052,0.001,True,False,2025-07-02T22:26:57.855Z,2026-07-20T00:00:00Z,2025-07-02T16:54:43.890444Z,will-germany-win-the-2026-fifa-world-cup-467,2026-05-30T07:54:11.206357+00:00
558947,30615,World Cup Winner ,Will Colombia win the 2026 FIFA World Cup?,,Sports,"Soccer, Sports, FIFA World Cup, 2026 FIFA World Cup, Hide From New",98803390175521456712653678280474920637934596234667490983228578374641217211132,Yes,21453938.40570455,5520711.67189,0.017,0.018,0.001,True,False,2025-07-02T22:27:07.752Z,2026-07-20T00:00:00Z,2025-07-02T16:54:48.514643Z,will-colombia-win-the-2026-fifa-world-cup-734,2026-05-30T07:54:11.206357+00:00
558946,30615,World Cup Winner ,Will Belgium win the 2026 FIFA World Cup?,,Sports,"Soccer, Sports, FIFA World Cup, 2026 FIFA World Cup, Hide From New",30815807067456631524510535002617106205417832891402132396713720656146245200000,Yes,21399693.91459132,3977930.59631,0.017,0.018,0.001,True,False,2025-07-02T22:27:08.513Z,2026-07-20T00:00:00Z,2025-07-02T16:54:47.961968Z,will-belgium-win-the-2026-fifa-world-cup-358,2026-05-30T07:54:11.206357+00:00
558935,30615,World Cup Winner ,Will England win the 2026 FIFA World Cup?,,Sports,"Soccer, Sports, FIFA World Cup, 2026 FIFA World Cup, Hide From New",115556263888245616435851357148058235707004733438163639091106356867234218207169,Yes,21342580.825306654,1297071.71129,0.111,0.112,0.001,True,False,2025-07-02T22:26:52.326Z,2026-07-20T00:00:00Z,2025-07-02T16:54:41.473096Z,will-england-win-the-2026-fifa-world-cup-937,2026-05-30T07:54:11.206357+00:00
553881,27830,2026 NBA Champion,Will the Atlanta Hawks win the 2026 NBA Finals?,,Sports,"Sports, NBA, NBA Finals, Basketball, NBA Champion, 2026 NBA Playoffs",46018378684967856456278619377189791752501136727354913341087475972513992392267,Yes,20381601.205738634,1221398.35031,,0.001,0.001,True,True,2025-06-23T16:02:42.730208Z,2026-07-01T00:00:00Z,2025-06-19T18:23:40.327679Z,will-the-atlanta-hawks-win-the-2026-nba-finals,2026-05-30T07:54:11.206357+00:00
558977,30615,World Cup Winner ,Will Haiti win the 2026 FIFA World Cup?,,Sports,"Soccer, Sports, FIFA World Cup, 2026 FIFA World Cup, Hide From New",113379015922744700109400673843380371641970914885846970213129353605968934558386,Yes,20083330.48882009,10787585.34874,,0.001,0.001,True,False,2025-07-02T22:27:41.944Z,2026-07-20T00:00:00Z,2025-07-02T16:55:05.66214Z,will-haiti-win-the-2026-fifa-world-cup,2026-05-30T07:54:11.206357+00:00
553871,27830,2026 NBA Champion,Will the Detroit Pistons win the 2026 NBA Finals?,,Sports,"Sports, NBA, NBA Finals, Basketball, NBA Champion, 2026 NBA Playoffs",59742411602053785892348440048778056320272639465974092140970920277782290781360,Yes,19122304.712672807,1221398.35031,,0.001,0.001,True,True,2025-06-23T16:02:28.153322Z,2026-07-01T00:00:00Z,2025-06-19T18:23:35.537981Z,will-the-detroit-pistons-win-the-2026-nba-finals,2026-05-30T07:54:11.206357+00:00
553857,27830,2026 NBA Champion,Will the Cleveland Cavaliers win the 2026 NBA Finals?,,Sports,"Sports, NBA, NBA Finals, Basketball, NBA Champion, 2026 NBA Playoffs",21929863894047830651599085392978377118642353711084157807549430066031384497667,Yes,19033724.28667667,1221398.35031,,0.001,0.001,True,True,2025-06-23T16:02:01.826433Z,2026-07-01T00:00:00Z,2025-06-19T18:23:28.173262Z,will-the-cleveland-cavaliers-win-the-2026-nba-finals,2026-05-30T07:54:11.206357+00:00
553869,27830,2026 NBA Champion,Will the Philadelphia 76ers win the 2026 NBA Finals?,,Sports,"Sports, NBA, NBA Finals, Basketball, NBA Champion, 2026 NBA Playoffs",5644679982684846699855787022092402984369447277920326773883608030240292167917,Yes,17979233.991708636,1221398.35031,,0.001,0.001,True,True,2025-06-23T16:02:22.667797Z,2026-07-01T00:00:00Z,2025-06-19T18:23:34.695865Z,will-the-philadelphia-76ers-win-the-2026-nba-finals,2026-05-30T07:54:11.206357+00:00
553859,27830,2026 NBA Champion,Will the Minnesota Timberwolves win the 2026 NBA Finals?,,Sports,"Sports, NBA, NBA Finals, Basketball, NBA Champion, 2026 NBA Playoffs",5771676627182954113677164857547228277089396639521594262964034606220001939923,Yes,17929080.31429684,1221398.35031,,0.001,0.001,True,True,2025-06-23T16:02:02.079692Z,2026-07-01T00:00:00Z,2025-06-19T18:23:29.148315Z,will-the-minnesota-timberwolves-win-the-2026-nba-finals,2026-05-30T07:54:11.206357+00:00
558985,30615,World Cup Winner ,Will Turkiye win the 2026 FIFA World Cup?,,Sports,"Soccer, Sports, FIFA World Cup, 2026 FIFA World Cup, Hide From New",18704778540677036028551740861729937822696511439974613107767625408338509619395,Yes,17927610.817499913,3458689.05963,0.007,0.008,0.001,True,False,2025-07-02T22:27:52.991Z,2026-07-20T00:00:00Z,2025-07-02T16:55:10.012248Z,will-turkiye-win-the-2026-fifa-world-cup,2026-05-30T07:54:11.206357+00:00
553858,27830,2026 NBA Champion,Will the New York Knicks win the 2026 NBA Finals?,,Sports,"Sports, NBA, NBA Finals, Basketball, NBA Champion, 2026 NBA Playoffs",20257190540739490630509657713144742134547949967093643458458133445357169845406,Yes,17630926.64435356,258432.81654,0.32,0.321,0.001,True,False,2025-06-23T16:02:01.572409Z,2026-07-01T00:00:00Z,2025-06-19T18:23:28.658881Z,will-the-new-york-knicks-win-the-2026-nba-finals,2026-05-30T07:54:11.206357+00:00
553876,27830,2026 NBA Champion,Will the Toronto Raptors win the 2026 NBA Finals?,,Sports,"Sports, NBA, NBA Finals, Basketball, NBA Champion, 2026 NBA Playoffs",111039354521750894925304771773687530394455073318948424656845140321925374032772,Yes,17582269.99782278,1221398.35031,,0.001,0.001,True,True,2025-06-23T16:02:41.032278Z,2026-07-01T00:00:00Z,2025-06-19T18:23:37.781466Z,will-the-toronto-raptors-win-the-2026-nba-finals,2026-05-30T07:54:11.206357+00:00
553877,27830,2026 NBA Champion,Will the Phoenix Suns win the 2026 NBA Finals?,,Sports,"Sports, NBA, NBA Finals, Basketball, NBA Champion, 2026 NBA Playoffs",106572879185916710503631021854572801471104977091252507745096331167318654083650,Yes,17570704.051959917,1221398.35031,,0.001,0.001,True,True,2025-06-23T16:02:40.77673Z,2026-07-01T00:00:00Z,2025-06-19T18:23:38.245803Z,will-the-phoenix-suns-win-the-2026-nba-finals,2026-05-30T07:54:11.206357+00:00
558979,30615,World Cup Winner ,Will Panama win the 2026 FIFA World Cup?,,Sports,"Soccer, Sports, FIFA World Cup, 2026 FIFA World Cup, Hide From New",112181485529919660901332188537214992263355343785744498550605179448744432717486,Yes,17511577.665756878,10965792.09075,,0.001,0.001,True,False,2025-07-02T22:27:41.433Z,2026-07-20T00:00:00Z,2025-07-02T16:55:06.783466Z,will-team-z-win-the-2026-fifa-world-cup-316,2026-05-30T07:54:11.206357+00:00
558982,30615,World Cup Winner ,Will Iraq win the 2026 FIFA World Cup?,,Sports,"Soccer, Sports, FIFA World Cup, 2026 FIFA World Cup, Hide From New",53465512181802150755993130711224070738002100921790051090044528012833736167995,Yes,16488111.348710928,10940931.20943,,0.001,0.001,True,False,2025-07-02T22:27:47.156Z,2026-07-20T00:00:00Z,2025-07-02T16:55:08.445033Z,will-iraq-win-the-2026-fifa-world-cup,2026-05-30T07:54:11.206357+00:00
558980,30615,World Cup Winner ,Will Sweden win the 2026 FIFA World Cup?,,Sports,"Soccer, Sports, FIFA World Cup, 2026 FIFA World Cup, Hide From New",41004484905556820430171783088292854654441952667499527125436634397522798168110,Yes,15909303.078277996,8241274.98564,0.005,0.006,0.001,True,False,2025-07-02T22:27:41.179Z,2026-07-20T00:00:00Z,2025-07-02T16:55:07.333475Z,will-sweden-win-the-2026-fifa-world-cup,2026-05-30T07:54:11.206357+00:00
553828,27829,2026 NHL Stanley Cup Champion ,Will the Colorado Avalanche win the 2026 NHL Stanley Cup?,,Sports,"Sports, Hockey, NHL, Stanley Cup, 2026 NHL Playoffs",101738487887518832481587379955535423775326921556438741919099866785354159699479,Yes,15646089.198234096,265728.90096,,0.001,0.001,True,True,2025-06-23T16:00:32.063001Z,2026-06-30T00:00:00Z,2025-06-19T18:02:53.040259Z,will-the-colorado-avalanche-win-the-2026-nhl-stanley-cup,2026-05-30T07:54:11.206357+00:00
553867,27830,2026 NBA Champion,Will the Golden State Warriors win the 2026 NBA Finals?,,Sports,"Sports, NBA, NBA Finals, Basketball, NBA Champion, 2026 NBA Playoffs",24562451406833903239172268319519891863383297300349256425313284172658771272863,Yes,15519471.19299574,1221398.35031,,0.001,0.001,True,True,2025-06-23T16:02:21.652045Z,2026-07-01T00:00:00Z,2025-06-19T18:23:33.727208Z,will-the-golden-state-warriors-win-the-2026-nba-finals,2026-05-30T07:54:11.206357+00:00
553864,27830,2026 NBA Champion,Will the Orlando Magic win the 2026 NBA Finals?,,Sports,"Sports, NBA, NBA Finals, Basketball, NBA Champion, 2026 NBA Playoffs",95140346952277551620015228752585531762813913098320669805735291271863965388665,Yes,15353717.342300974,1221398.35031,,0.001,0.001,True,True,2025-06-23T16:02:21.905414Z,2026-07-01T00:00:00Z,2025-06-19T18:23:31.874228Z,will-the-orlando-magic-win-the-2026-nba-finals,2026-05-30T07:54:11.206357+00:00
